BEGIN
SAVEPOINT INIT;
--INSERTS USUARIOS
INSERT INTO USERS (ID_USER, UNAME, USERNAME, UPASSWORD, UROLE) VALUES ('1','Dani','HoleW','4852','DEV');
INSERT INTO USERS (ID_USER, UNAME, USERNAME, UPASSWORD, UROLE) VALUES ('2','Dani','USERTEST','1234','DEV');
INSERT INTO USERS (ID_USER, UNAME, USERNAME, UPASSWORD, UROLE) VALUES ('3','Archie','Doggie','2506','US');
INSERT INTO USERS (ID_USER, UNAME, USERNAME, UPASSWORD, UROLE) VALUES ('4','John','Doe','1111','US');



--INSERTS RESTAURANTES
INSERT INTO RESTAURANTS (ID_RESTAURANT, NAME, NATION, STARS) VALUES ('1','Bajo el mar', 'Atlantida', '5');
INSERT INTO RESTAURANTS (ID_RESTAURANT, NAME, NATION, STARS) VALUES ('2','La alacena', 'España', '3');
INSERT INTO RESTAURANTS (ID_RESTAURANT, NAME, NATION, STARS) VALUES ('3','Rompevientos', 'Australia', '4');
INSERT INTO RESTAURANTS (ID_RESTAURANT, NAME, NATION, STARS) VALUES ('4','Anhelo', 'Estonia', '2');
INSERT INTO RESTAURANTS (ID_RESTAURANT, NAME, NATION, STARS) VALUES ('5','Aromaflor', 'Suiza', '5');
INSERT INTO RESTAURANTS (ID_RESTAURANT, NAME, NATION, STARS) VALUES ('6','Nevasca', 'Tokio', '1');
INSERT INTO RESTAURANTS (ID_RESTAURANT, NAME, NATION, STARS) VALUES ('7','Relleno nebuloso', 'Italia', '3');



--INSERTS PLATOS
INSERT INTO DISHES (ID_DISH, DNAME, ID_RESTAURANT, DTYPE, PRICE) VALUES ('1','Arroz caldoso', '1', 'vegetariano', '6.70');
INSERT INTO DISHES (ID_DISH, DNAME, ID_RESTAURANT, DTYPE, PRICE) VALUES ('2','Lentejas', '2', 'Contiene carne', '7.00');
INSERT INTO DISHES (ID_DISH, DNAME, ID_RESTAURANT, DTYPE, PRICE) VALUES ('3','Cocido', '3', 'Contiene carne', '7.00');
INSERT INTO DISHES (ID_DISH, DNAME, ID_RESTAURANT, DTYPE, PRICE) VALUES ('4','Croquetas', '4', 'Contiene carne', '4.00');
INSERT INTO DISHES (ID_DISH, DNAME, ID_RESTAURANT, DTYPE, PRICE) VALUES ('5','Ensalada de la huerta', '5', 'vegetariano', '8.00');
INSERT INTO DISHES (ID_DISH, DNAME, ID_RESTAURANT, DTYPE, PRICE) VALUES ('6','Chipirones a la plancha', '6', 'Contiene carne', '8.00');
INSERT INTO DISHES (ID_DISH, DNAME, ID_RESTAURANT, DTYPE, PRICE) VALUES ('7','Patatas a la importancia', '7', 'vegetariano', '7.50');
INSERT INTO DISHES (ID_DISH, DNAME, ID_RESTAURANT, DTYPE, PRICE) VALUES ('8','Tortilla de patatas', '1', 'vegetariano', '5.00');
INSERT INTO DISHES (ID_DISH, DNAME, ID_RESTAURANT, DTYPE, PRICE) VALUES ('9','Huevos rotos con longaniza', '2', 'Contiene carne', '5.50');
INSERT INTO DISHES (ID_DISH, DNAME, ID_RESTAURANT, DTYPE, PRICE) VALUES ('10','Guisantes con jamon', '3', 'Contiene carne', '6.00');
INSERT INTO DISHES (ID_DISH, DNAME, ID_RESTAURANT, DTYPE, PRICE) VALUES ('11','Pollo al limon', '4', 'Contiene carne', '7.90');
INSERT INTO DISHES (ID_DISH, DNAME, ID_RESTAURANT, DTYPE, PRICE) VALUES ('12','Ramen a la suiza', '5', 'Contiene carne', '10.50');
INSERT INTO DISHES (ID_DISH, DNAME, ID_RESTAURANT, DTYPE, PRICE) VALUES ('13','Merluza en tempura', '6', 'Contiene carne', '12.00');
INSERT INTO DISHES (ID_DISH, DNAME, ID_RESTAURANT, DTYPE, PRICE) VALUES ('14','Hamburguesa vegetariana', '7', 'vegetariano', '8.00');

EXCEPTION
WHEN DUP_VAL_ON_INDEX THEN
    DBMS_OUTPUT.PUT_LINE('REVISA QUE LA BASE DE DATOS ESTE EN ESTADO INICIAL, ID DE ALGUN ELEMENTO DUPLICADA');
    rollback TO INIT;
    RAISE;

WHEN OTHERS then
    DBMS_OUTPUT.PUT_LINE('ALGUN TIPO DE ERROR HA OCURRIDO, REVISA LA BASE DE DATOS');
    rollback TO INIT;
    RAISE;

COMMIT;
END;